{
  "project_info": {
    "project_number": "650149801229",
    "project_id": "crypto-chat-70443",
    "storage_bucket": "crypto-chat-70443.appspot.com"
  },
  "client": [
    {
      "client_info": {
        "mobilesdk_app_id": "1:650149801229:android:4d154d3ed0f5a7e74b1444",
        "android_client_info": {
          "package_name": "com.google.firebase.babbar.cryptochat"
        }
      },
      "oauth_client": [
        {
          "client_id": "650149801229-qac872mkadq8ghm5n2f88ega8i4ffmua.apps.googleusercontent.com",
          "client_type": 1,
          "android_info": {
            "package_name": "com.google.firebase.babbar.cryptochat",
            "certificate_hash": "6215b1bb119c9408681483728342b8340f2e3f5e"
          }
        },
        {
          "client_id": "650149801229-tsjj38o8fi3ddmk2afpvtjhfqjkuha66.apps.googleusercontent.com",
          "client_type": 3
        }
      ],
      "api_key": [
        {
          "current_key": "AIzaSyB0tFoW0TdvfXn0mScfkPcem5bMynTxVOc"
        }
      ],
      "services": {
        "appinvite_service": {
          "other_platform_oauth_client": [
            {
              "client_id": "650149801229-tsjj38o8fi3ddmk2afpvtjhfqjkuha66.apps.googleusercontent.com",
              "client_type": 3
            }
          ]
        }
      }
    }
  ],
  "configuration_version": "1"
}